2025-03-16T16:23:58.928655	john@uniandes.edu.co	ventas	Authorized
2025-03-16T16:23:58.946107	nicolas@uniandes.edu.co	compras	Unauthorized
2025-03-16T16:23:58.963588	nicolas@uniandes.edu.co	compras	Unauthorized
2025-03-16T16:23:58.981183	john@uniandes.edu.co	ventas	Authorized
2025-03-16T16:23:58.999159	nicolas@uniandes.edu.co	compras	Unauthorized
2025-03-16T16:23:59.029694	diego@uniandes.edu.co	transporte	Unauthorized
2025-03-16T16:23:59.047639	diego@uniandes.edu.co	transporte	Unauthorized
2025-03-16T16:23:59.064743	jose@uniandes.edu.co	ventas	Authorized
2025-03-16T16:23:59.082020	jose@uniandes.edu.co	ventas	Authorized
2025-03-16T16:23:59.098908	diego@uniandes.edu.co	transporte	Unauthorized
2025-03-16T16:23:59.116508	diego@uniandes.edu.co	transporte	Unauthorized
2025-03-16T16:23:59.134011	jose@uniandes.edu.co	ventas	Authorized
2025-03-16T16:23:59.151095	jose@uniandes.edu.co	ventas	Authorized
2025-03-16T16:23:59.167919	jose@uniandes.edu.co	ventas	Authorized
2025-03-16T16:23:59.184990	nicolas@uniandes.edu.co	compras	Unauthorized
2025-03-16T16:23:59.202605	john@uniandes.edu.co	ventas	Authorized
2025-03-16T16:23:59.221105	jose@uniandes.edu.co	ventas	Authorized
2025-03-16T16:23:59.239430	diego@uniandes.edu.co	transporte	Unauthorized
2025-03-16T16:23:59.256808	jose@uniandes.edu.co	ventas	Authorized
2025-03-16T16:23:59.274764	john@uniandes.edu.co	ventas	Authorized
2025-03-16T16:23:59.292271	john@uniandes.edu.co	ventas	Authorized
2025-03-16T16:23:59.310078	diego@uniandes.edu.co	transporte	Unauthorized
2025-03-16T16:23:59.328663	nicolas@uniandes.edu.co	compras	Unauthorized
2025-03-16T16:23:59.347235	nicolas@uniandes.edu.co	compras	Unauthorized
2025-03-16T16:23:59.366758	nicolas@uniandes.edu.co	compras	Unauthorized
2025-03-16T16:23:59.386100	diego@uniandes.edu.co	transporte	Unauthorized
2025-03-16T16:23:59.404138	nicolas@uniandes.edu.co	compras	Unauthorized
2025-03-16T16:23:59.421855	john@uniandes.edu.co	ventas	Authorized
2025-03-16T16:23:59.439299	jose@uniandes.edu.co	ventas	Authorized
2025-03-16T16:23:59.458636	john@uniandes.edu.co	ventas	Authorized
2025-03-16T16:23:59.476820	john@uniandes.edu.co	ventas	Authorized
2025-03-16T16:23:59.494682	jose@uniandes.edu.co	ventas	Authorized
2025-03-16T16:23:59.513981	diego@uniandes.edu.co	transporte	Unauthorized
2025-03-16T16:23:59.533560	nicolas@uniandes.edu.co	compras	Unauthorized
2025-03-16T16:23:59.551925	diego@uniandes.edu.co	transporte	Unauthorized
2025-03-16T16:23:59.569540	jose@uniandes.edu.co	ventas	Authorized
2025-03-16T16:23:59.588890	nicolas@uniandes.edu.co	compras	Unauthorized
2025-03-16T16:23:59.607096	nicolas@uniandes.edu.co	compras	Unauthorized
2025-03-16T16:23:59.628304	jose@uniandes.edu.co	ventas	Authorized
2025-03-16T16:23:59.646917	jose@uniandes.edu.co	ventas	Authorized
2025-03-16T16:23:59.666145	diego@uniandes.edu.co	transporte	Unauthorized
2025-03-16T16:23:59.683605	jose@uniandes.edu.co	ventas	Authorized
2025-03-16T16:23:59.701051	nicolas@uniandes.edu.co	compras	Unauthorized
2025-03-16T16:23:59.720093	diego@uniandes.edu.co	transporte	Unauthorized
2025-03-16T16:23:59.738721	diego@uniandes.edu.co	transporte	Unauthorized
2025-03-16T16:23:59.756439	diego@uniandes.edu.co	transporte	Unauthorized
2025-03-16T16:23:59.774332	diego@uniandes.edu.co	transporte	Unauthorized
2025-03-16T16:23:59.792403	nicolas@uniandes.edu.co	compras	Unauthorized
2025-03-16T16:23:59.812009	john@uniandes.edu.co	ventas	Authorized
2025-03-16T16:23:59.829748	diego@uniandes.edu.co	transporte	Unauthorized
2025-03-16T16:23:59.847180	nicolas@uniandes.edu.co	compras	Unauthorized
2025-03-16T16:23:59.865543	nicolas@uniandes.edu.co	compras	Unauthorized
2025-03-16T16:23:59.884954	jose@uniandes.edu.co	ventas	Authorized
2025-03-16T16:23:59.905317	nicolas@uniandes.edu.co	compras	Unauthorized
2025-03-16T16:23:59.924787	john@uniandes.edu.co	ventas	Authorized
2025-03-16T16:23:59.943803	jose@uniandes.edu.co	ventas	Authorized
2025-03-16T16:23:59.962163	john@uniandes.edu.co	ventas	Authorized
2025-03-16T16:23:59.982091	john@uniandes.edu.co	ventas	Authorized
2025-03-16T16:24:00.001439	jose@uniandes.edu.co	ventas	Authorized
2025-03-16T16:24:00.021511	jose@uniandes.edu.co	ventas	Authorized
2025-03-16T16:24:00.040023	diego@uniandes.edu.co	transporte	Unauthorized
2025-03-16T16:24:00.058333	jose@uniandes.edu.co	ventas	Authorized
2025-03-16T16:24:00.077154	nicolas@uniandes.edu.co	compras	Unauthorized
2025-03-16T16:24:00.095089	jose@uniandes.edu.co	ventas	Authorized
2025-03-16T16:24:00.112913	nicolas@uniandes.edu.co	compras	Unauthorized
2025-03-16T16:24:00.132891	nicolas@uniandes.edu.co	compras	Unauthorized
2025-03-16T16:24:00.151011	john@uniandes.edu.co	ventas	Authorized
2025-03-16T16:24:00.168417	john@uniandes.edu.co	ventas	Authorized
2025-03-16T16:24:00.187581	john@uniandes.edu.co	ventas	Authorized
2025-03-16T16:24:00.205580	diego@uniandes.edu.co	transporte	Unauthorized
2025-03-16T16:24:00.223478	diego@uniandes.edu.co	transporte	Unauthorized
2025-03-16T16:24:00.241943	diego@uniandes.edu.co	transporte	Unauthorized
2025-03-16T16:24:00.261918	john@uniandes.edu.co	ventas	Authorized
2025-03-16T16:24:00.280390	john@uniandes.edu.co	ventas	Authorized
2025-03-16T16:24:00.297761	john@uniandes.edu.co	ventas	Authorized
2025-03-16T16:24:00.315553	nicolas@uniandes.edu.co	compras	Unauthorized
2025-03-16T16:24:00.334157	nicolas@uniandes.edu.co	compras	Unauthorized
2025-03-16T16:24:00.352317	diego@uniandes.edu.co	transporte	Unauthorized
2025-03-16T16:24:00.370542	nicolas@uniandes.edu.co	compras	Unauthorized
2025-03-16T16:24:00.388635	john@uniandes.edu.co	ventas	Authorized
2025-03-16T16:24:00.406898	diego@uniandes.edu.co	transporte	Unauthorized
2025-03-16T16:24:00.424911	jose@uniandes.edu.co	ventas	Authorized
2025-03-16T16:24:00.443234	john@uniandes.edu.co	ventas	Authorized
2025-03-16T16:24:00.461537	nicolas@uniandes.edu.co	compras	Unauthorized
2025-03-16T16:24:00.480279	jose@uniandes.edu.co	ventas	Authorized
2025-03-16T16:24:00.498048	john@uniandes.edu.co	ventas	Authorized
2025-03-16T16:24:00.515829	nicolas@uniandes.edu.co	compras	Unauthorized
2025-03-16T16:24:00.533983	nicolas@uniandes.edu.co	compras	Unauthorized
2025-03-16T16:24:00.551951	diego@uniandes.edu.co	transporte	Unauthorized
2025-03-16T16:24:00.570325	jose@uniandes.edu.co	ventas	Authorized
2025-03-16T16:24:00.589680	nicolas@uniandes.edu.co	compras	Unauthorized
2025-03-16T16:24:00.608063	diego@uniandes.edu.co	transporte	Unauthorized
2025-03-16T16:24:00.627913	nicolas@uniandes.edu.co	compras	Unauthorized
2025-03-16T16:24:00.646314	diego@uniandes.edu.co	transporte	Unauthorized
2025-03-16T16:24:00.664292	john@uniandes.edu.co	ventas	Authorized
2025-03-16T16:24:00.682222	john@uniandes.edu.co	ventas	Authorized
2025-03-16T16:24:00.700098	diego@uniandes.edu.co	transporte	Unauthorized
2025-03-16T16:24:00.718017	john@uniandes.edu.co	ventas	Authorized
2025-03-16T16:24:00.742457	jose@uniandes.edu.co	ventas	Authorized
2025-03-16T16:24:00.760808	john@uniandes.edu.co	ventas	Authorized
2025-03-16T16:24:00.778730	nicolas@uniandes.edu.co	compras	Unauthorized
2025-03-16T16:24:00.799961	jose@uniandes.edu.co	ventas	Authorized
2025-03-16T16:24:00.818055	jose@uniandes.edu.co	ventas	Authorized
2025-03-16T16:24:00.836671	jose@uniandes.edu.co	ventas	Authorized
2025-03-16T16:24:00.855722	john@uniandes.edu.co	ventas	Authorized
2025-03-16T16:24:00.873409	jose@uniandes.edu.co	ventas	Authorized
2025-03-16T16:24:00.892432	nicolas@uniandes.edu.co	compras	Unauthorized
2025-03-16T16:24:00.911107	john@uniandes.edu.co	ventas	Authorized
2025-03-16T16:24:00.930477	nicolas@uniandes.edu.co	compras	Unauthorized
2025-03-16T16:24:00.948705	john@uniandes.edu.co	ventas	Authorized
2025-03-16T16:24:00.966915	nicolas@uniandes.edu.co	compras	Unauthorized
2025-03-16T16:24:00.985898	jose@uniandes.edu.co	ventas	Authorized
2025-03-16T16:24:01.005814	john@uniandes.edu.co	ventas	Authorized
2025-03-16T16:24:01.023634	jose@uniandes.edu.co	ventas	Authorized
2025-03-16T16:24:01.041840	john@uniandes.edu.co	ventas	Authorized
2025-03-16T16:24:01.060384	jose@uniandes.edu.co	ventas	Authorized
2025-03-16T16:24:01.080329	john@uniandes.edu.co	ventas	Authorized
2025-03-16T16:24:01.100586	diego@uniandes.edu.co	transporte	Unauthorized
2025-03-16T16:24:01.120583	jose@uniandes.edu.co	ventas	Authorized
2025-03-16T16:24:01.141310	john@uniandes.edu.co	ventas	Authorized
2025-03-16T16:24:01.161624	diego@uniandes.edu.co	transporte	Unauthorized
2025-03-16T16:24:01.182856	john@uniandes.edu.co	ventas	Authorized
2025-03-16T16:24:01.202093	jose@uniandes.edu.co	ventas	Authorized
2025-03-16T16:24:01.220156	nicolas@uniandes.edu.co	compras	Unauthorized
2025-03-16T16:24:01.238645	nicolas@uniandes.edu.co	compras	Unauthorized
2025-03-16T16:24:01.256357	jose@uniandes.edu.co	ventas	Authorized
2025-03-16T16:24:01.274738	jose@uniandes.edu.co	ventas	Authorized
2025-03-16T16:24:01.292147	jose@uniandes.edu.co	ventas	Authorized
2025-03-16T16:24:01.311226	diego@uniandes.edu.co	transporte	Unauthorized
2025-03-16T16:24:01.329420	diego@uniandes.edu.co	transporte	Unauthorized
2025-03-16T16:24:01.348110	diego@uniandes.edu.co	transporte	Unauthorized
2025-03-16T16:24:01.367024	diego@uniandes.edu.co	transporte	Unauthorized
2025-03-16T16:24:01.385093	nicolas@uniandes.edu.co	compras	Unauthorized
2025-03-16T16:24:01.403490	nicolas@uniandes.edu.co	compras	Unauthorized
2025-03-16T16:24:01.421633	nicolas@uniandes.edu.co	compras	Unauthorized
2025-03-16T16:24:01.440211	nicolas@uniandes.edu.co	compras	Unauthorized
2025-03-16T16:24:01.459107	diego@uniandes.edu.co	transporte	Unauthorized
2025-03-16T16:24:01.476997	jose@uniandes.edu.co	ventas	Authorized
2025-03-16T16:24:01.495401	jose@uniandes.edu.co	ventas	Authorized
2025-03-16T16:24:01.512901	jose@uniandes.edu.co	ventas	Authorized
2025-03-16T16:24:01.531274	john@uniandes.edu.co	ventas	Authorized
2025-03-16T16:24:01.549400	diego@uniandes.edu.co	transporte	Unauthorized
2025-03-16T16:24:01.567575	diego@uniandes.edu.co	transporte	Unauthorized
2025-03-16T16:24:01.586637	jose@uniandes.edu.co	ventas	Authorized
2025-03-16T16:24:01.605098	john@uniandes.edu.co	ventas	Authorized
2025-03-16T16:24:01.623462	jose@uniandes.edu.co	ventas	Authorized
2025-03-16T16:24:01.641783	john@uniandes.edu.co	ventas	Authorized
2025-03-16T16:24:01.659532	john@uniandes.edu.co	ventas	Authorized
2025-03-16T16:24:01.677623	nicolas@uniandes.edu.co	compras	Unauthorized
2025-03-16T16:24:01.696200	john@uniandes.edu.co	ventas	Authorized
2025-03-16T16:24:01.713996	nicolas@uniandes.edu.co	compras	Unauthorized
2025-03-16T16:24:01.732322	nicolas@uniandes.edu.co	compras	Unauthorized
2025-03-16T16:24:01.750778	john@uniandes.edu.co	ventas	Authorized
2025-03-16T16:24:01.768923	nicolas@uniandes.edu.co	compras	Unauthorized
2025-03-16T16:24:01.787727	jose@uniandes.edu.co	ventas	Authorized
2025-03-16T16:24:01.805781	nicolas@uniandes.edu.co	compras	Unauthorized
2025-03-16T16:24:01.824038	diego@uniandes.edu.co	transporte	Unauthorized
2025-03-16T16:24:01.842228	john@uniandes.edu.co	ventas	Authorized
2025-03-16T16:24:01.861534	john@uniandes.edu.co	ventas	Authorized
2025-03-16T16:24:01.880259	diego@uniandes.edu.co	transporte	Unauthorized
2025-03-16T16:24:01.898393	nicolas@uniandes.edu.co	compras	Unauthorized
2025-03-16T16:24:01.917259	nicolas@uniandes.edu.co	compras	Unauthorized
2025-03-16T16:24:01.938797	jose@uniandes.edu.co	ventas	Authorized
2025-03-16T16:24:01.958926	john@uniandes.edu.co	ventas	Authorized
2025-03-16T16:24:01.977984	nicolas@uniandes.edu.co	compras	Unauthorized
2025-03-16T16:24:01.996846	john@uniandes.edu.co	ventas	Authorized
2025-03-16T16:24:02.015425	john@uniandes.edu.co	ventas	Authorized
2025-03-16T16:24:02.033173	nicolas@uniandes.edu.co	compras	Unauthorized
2025-03-16T16:24:02.051842	diego@uniandes.edu.co	transporte	Unauthorized
2025-03-16T16:24:02.071296	diego@uniandes.edu.co	transporte	Unauthorized
2025-03-16T16:24:02.089966	diego@uniandes.edu.co	transporte	Unauthorized
2025-03-16T16:24:02.107627	nicolas@uniandes.edu.co	compras	Unauthorized
2025-03-16T16:24:02.126252	john@uniandes.edu.co	ventas	Authorized
2025-03-16T16:24:02.144507	john@uniandes.edu.co	ventas	Authorized
2025-03-16T16:24:02.162818	jose@uniandes.edu.co	ventas	Authorized
2025-03-16T16:24:02.181110	diego@uniandes.edu.co	transporte	Unauthorized
2025-03-16T16:24:02.199248	nicolas@uniandes.edu.co	compras	Unauthorized
2025-03-16T16:24:02.216864	jose@uniandes.edu.co	ventas	Authorized
2025-03-16T16:24:02.235976	nicolas@uniandes.edu.co	compras	Unauthorized
2025-03-16T16:24:02.254205	john@uniandes.edu.co	ventas	Authorized
2025-03-16T16:24:02.273725	jose@uniandes.edu.co	ventas	Authorized
2025-03-16T16:24:02.292327	john@uniandes.edu.co	ventas	Authorized
2025-03-16T16:24:02.310761	john@uniandes.edu.co	ventas	Authorized
2025-03-16T16:24:02.329781	nicolas@uniandes.edu.co	compras	Unauthorized
2025-03-16T16:24:02.348473	diego@uniandes.edu.co	transporte	Unauthorized
2025-03-16T16:24:02.366808	diego@uniandes.edu.co	transporte	Unauthorized
2025-03-16T16:24:02.385408	nicolas@uniandes.edu.co	compras	Unauthorized
2025-03-16T16:24:02.403494	jose@uniandes.edu.co	ventas	Authorized
2025-03-16T16:24:02.422500	diego@uniandes.edu.co	transporte	Unauthorized
2025-03-16T16:24:02.441208	nicolas@uniandes.edu.co	compras	Unauthorized
2025-03-16T16:24:02.459522	nicolas@uniandes.edu.co	compras	Unauthorized
2025-03-16T16:24:02.477186	john@uniandes.edu.co	ventas	Authorized
2025-03-16T16:24:02.496393	diego@uniandes.edu.co	transporte	Unauthorized
2025-03-16T16:24:02.514800	john@uniandes.edu.co	ventas	Authorized
2025-03-16T16:24:02.534189	john@uniandes.edu.co	ventas	Authorized
2025-03-16T16:24:02.554179	john@uniandes.edu.co	ventas	Authorized
2025-03-16T16:24:02.573278	nicolas@uniandes.edu.co	compras	Unauthorized
2025-03-16T16:24:02.591883	john@uniandes.edu.co	ventas	Authorized
2025-03-16T16:24:02.611844	john@uniandes.edu.co	ventas	Authorized
2025-03-16T16:24:02.631574	jose@uniandes.edu.co	ventas	Authorized
2025-03-16T16:24:02.650821	nicolas@uniandes.edu.co	compras	Unauthorized
2025-03-16T16:24:02.670233	nicolas@uniandes.edu.co	compras	Unauthorized
2025-03-16T16:24:02.697205	diego@uniandes.edu.co	transporte	Unauthorized
2025-03-16T16:24:02.716129	diego@uniandes.edu.co	transporte	Unauthorized
2025-03-16T16:24:02.735699	john@uniandes.edu.co	ventas	Authorized
2025-03-16T16:24:02.755237	john@uniandes.edu.co	ventas	Authorized
2025-03-16T16:24:02.776934	john@uniandes.edu.co	ventas	Authorized
2025-03-16T16:24:02.796484	nicolas@uniandes.edu.co	compras	Unauthorized
2025-03-16T16:24:02.817116	diego@uniandes.edu.co	transporte	Unauthorized
2025-03-16T16:24:02.836446	john@uniandes.edu.co	ventas	Authorized
2025-03-16T16:24:02.855941	nicolas@uniandes.edu.co	compras	Unauthorized
2025-03-16T16:24:02.876516	john@uniandes.edu.co	ventas	Authorized
2025-03-16T16:24:02.896566	diego@uniandes.edu.co	transporte	Unauthorized
2025-03-16T16:24:02.915619	jose@uniandes.edu.co	ventas	Authorized
2025-03-16T16:24:02.935455	john@uniandes.edu.co	ventas	Authorized
2025-03-16T16:24:02.954675	nicolas@uniandes.edu.co	compras	Unauthorized
2025-03-16T16:24:02.973625	diego@uniandes.edu.co	transporte	Unauthorized
2025-03-16T16:24:02.993678	nicolas@uniandes.edu.co	compras	Unauthorized
2025-03-16T16:24:03.014619	jose@uniandes.edu.co	ventas	Authorized
2025-03-16T16:24:03.033358	diego@uniandes.edu.co	transporte	Unauthorized
2025-03-16T16:24:03.052645	diego@uniandes.edu.co	transporte	Unauthorized
2025-03-16T16:24:03.072532	diego@uniandes.edu.co	transporte	Unauthorized
2025-03-16T16:24:03.093689	nicolas@uniandes.edu.co	compras	Unauthorized
2025-03-16T16:24:03.112289	jose@uniandes.edu.co	ventas	Authorized
2025-03-16T16:24:03.132100	jose@uniandes.edu.co	ventas	Authorized
2025-03-16T16:24:03.152458	diego@uniandes.edu.co	transporte	Unauthorized
2025-03-16T16:24:03.171911	john@uniandes.edu.co	ventas	Authorized
2025-03-16T16:24:03.191221	john@uniandes.edu.co	ventas	Authorized
2025-03-16T16:24:03.212044	nicolas@uniandes.edu.co	compras	Unauthorized
2025-03-16T16:24:03.233546	john@uniandes.edu.co	ventas	Authorized
2025-03-16T16:24:03.253916	john@uniandes.edu.co	ventas	Authorized
2025-03-16T16:24:03.278878	diego@uniandes.edu.co	transporte	Unauthorized
2025-03-16T16:24:03.301823	jose@uniandes.edu.co	ventas	Authorized
2025-03-16T16:24:03.320553	nicolas@uniandes.edu.co	compras	Unauthorized
2025-03-16T16:24:03.340674	jose@uniandes.edu.co	ventas	Authorized
2025-03-16T16:24:03.362935	nicolas@uniandes.edu.co	compras	Unauthorized
2025-03-16T16:24:03.383900	nicolas@uniandes.edu.co	compras	Unauthorized
2025-03-16T16:24:03.405237	jose@uniandes.edu.co	ventas	Authorized
2025-03-16T16:24:03.424815	nicolas@uniandes.edu.co	compras	Unauthorized
2025-03-16T16:24:03.444415	nicolas@uniandes.edu.co	compras	Unauthorized
2025-03-16T16:24:03.468405	diego@uniandes.edu.co	transporte	Unauthorized
2025-03-16T16:24:03.490252	john@uniandes.edu.co	ventas	Authorized
2025-03-16T16:24:03.510110	jose@uniandes.edu.co	ventas	Authorized
2025-03-16T16:24:03.529859	john@uniandes.edu.co	ventas	Authorized
2025-03-16T16:24:03.551788	jose@uniandes.edu.co	ventas	Authorized
2025-03-16T16:24:03.571518	diego@uniandes.edu.co	transporte	Unauthorized
2025-03-16T16:24:03.591471	jose@uniandes.edu.co	ventas	Authorized
2025-03-16T16:24:03.612741	nicolas@uniandes.edu.co	compras	Unauthorized
2025-03-16T16:24:03.632995	nicolas@uniandes.edu.co	compras	Unauthorized
2025-03-16T16:24:03.653467	jose@uniandes.edu.co	ventas	Authorized
2025-03-16T16:24:03.673995	nicolas@uniandes.edu.co	compras	Unauthorized
2025-03-16T16:24:03.694818	jose@uniandes.edu.co	ventas	Authorized
2025-03-16T16:24:03.714524	diego@uniandes.edu.co	transporte	Unauthorized
2025-03-16T16:24:03.733259	nicolas@uniandes.edu.co	compras	Unauthorized
2025-03-16T16:24:03.754351	nicolas@uniandes.edu.co	compras	Unauthorized
2025-03-16T16:24:03.773390	john@uniandes.edu.co	ventas	Authorized
2025-03-16T16:24:03.792504	diego@uniandes.edu.co	transporte	Unauthorized
2025-03-16T16:24:03.816022	john@uniandes.edu.co	ventas	Authorized
2025-03-16T16:24:03.837732	nicolas@uniandes.edu.co	compras	Unauthorized
2025-03-16T16:24:03.857528	nicolas@uniandes.edu.co	compras	Unauthorized
2025-03-16T16:24:03.878327	nicolas@uniandes.edu.co	compras	Unauthorized
2025-03-16T16:24:03.898547	diego@uniandes.edu.co	transporte	Unauthorized
2025-03-16T16:24:03.917994	nicolas@uniandes.edu.co	compras	Unauthorized
2025-03-16T16:24:03.937458	nicolas@uniandes.edu.co	compras	Unauthorized
2025-03-16T16:24:03.958432	diego@uniandes.edu.co	transporte	Unauthorized
2025-03-16T16:24:03.980879	diego@uniandes.edu.co	transporte	Unauthorized
2025-03-16T16:24:04.002748	nicolas@uniandes.edu.co	compras	Unauthorized
2025-03-16T16:24:04.023800	jose@uniandes.edu.co	ventas	Authorized
2025-03-16T16:24:04.043059	jose@uniandes.edu.co	ventas	Authorized
2025-03-16T16:24:04.062302	john@uniandes.edu.co	ventas	Authorized
2025-03-16T16:24:04.082318	nicolas@uniandes.edu.co	compras	Unauthorized
2025-03-16T16:24:04.102097	diego@uniandes.edu.co	transporte	Unauthorized
2025-03-16T16:24:04.123328	diego@uniandes.edu.co	transporte	Unauthorized
2025-03-16T16:24:04.144280	jose@uniandes.edu.co	ventas	Authorized
2025-03-16T16:24:04.164448	diego@uniandes.edu.co	transporte	Unauthorized
2025-03-16T16:24:04.183343	nicolas@uniandes.edu.co	compras	Unauthorized
2025-03-16T16:24:04.202830	diego@uniandes.edu.co	transporte	Unauthorized
2025-03-16T16:24:04.223426	jose@uniandes.edu.co	ventas	Authorized
2025-03-16T16:24:04.243042	nicolas@uniandes.edu.co	compras	Unauthorized
2025-03-16T16:24:04.262330	john@uniandes.edu.co	ventas	Authorized
2025-03-16T16:24:04.281831	jose@uniandes.edu.co	ventas	Authorized
2025-03-16T16:24:04.301147	john@uniandes.edu.co	ventas	Authorized
2025-03-16T16:24:04.319806	diego@uniandes.edu.co	transporte	Unauthorized
2025-03-16T16:24:04.338425	john@uniandes.edu.co	ventas	Authorized
2025-03-16T16:24:04.359456	nicolas@uniandes.edu.co	compras	Unauthorized
2025-03-16T16:24:04.377634	jose@uniandes.edu.co	ventas	Authorized
2025-03-16T16:24:04.396177	diego@uniandes.edu.co	transporte	Unauthorized
2025-03-16T16:24:04.415781	jose@uniandes.edu.co	ventas	Authorized
2025-03-16T16:24:04.434880	diego@uniandes.edu.co	transporte	Unauthorized
2025-03-16T16:24:04.453781	nicolas@uniandes.edu.co	compras	Unauthorized
2025-03-16T16:24:04.472358	diego@uniandes.edu.co	transporte	Unauthorized
2025-03-16T16:24:04.492639	jose@uniandes.edu.co	ventas	Authorized
2025-03-16T16:24:04.511519	nicolas@uniandes.edu.co	compras	Unauthorized
2025-03-16T16:24:04.530747	jose@uniandes.edu.co	ventas	Authorized
2025-03-16T16:24:04.549915	jose@uniandes.edu.co	ventas	Authorized
2025-03-16T16:24:04.569196	nicolas@uniandes.edu.co	compras	Unauthorized
2025-03-16T16:24:04.588302	diego@uniandes.edu.co	transporte	Unauthorized
2025-03-16T16:24:04.608133	diego@uniandes.edu.co	transporte	Unauthorized
2025-03-16T16:24:04.627071	jose@uniandes.edu.co	ventas	Authorized
2025-03-16T16:24:04.647281	diego@uniandes.edu.co	transporte	Unauthorized
2025-03-16T16:24:04.666419	nicolas@uniandes.edu.co	compras	Unauthorized
2025-03-16T16:24:04.685795	diego@uniandes.edu.co	transporte	Unauthorized
2025-03-16T16:24:04.704996	nicolas@uniandes.edu.co	compras	Unauthorized
2025-03-16T16:24:04.724117	jose@uniandes.edu.co	ventas	Authorized
2025-03-16T16:24:04.743521	jose@uniandes.edu.co	ventas	Authorized
2025-03-16T16:24:04.764583	jose@uniandes.edu.co	ventas	Authorized
2025-03-16T16:24:04.783408	john@uniandes.edu.co	ventas	Authorized
2025-03-16T16:24:04.801961	john@uniandes.edu.co	ventas	Authorized
2025-03-16T16:24:04.821694	nicolas@uniandes.edu.co	compras	Unauthorized
2025-03-16T16:24:04.840667	john@uniandes.edu.co	ventas	Authorized
2025-03-16T16:24:04.859394	john@uniandes.edu.co	ventas	Authorized
2025-03-16T16:24:04.877679	diego@uniandes.edu.co	transporte	Unauthorized
2025-03-16T16:24:04.898489	diego@uniandes.edu.co	transporte	Unauthorized
2025-03-16T16:24:04.923523	diego@uniandes.edu.co	transporte	Unauthorized
2025-03-16T16:24:04.941700	diego@uniandes.edu.co	transporte	Unauthorized
2025-03-16T16:24:04.961808	john@uniandes.edu.co	ventas	Authorized
2025-03-16T16:24:04.980059	nicolas@uniandes.edu.co	compras	Unauthorized
2025-03-16T16:24:04.998353	nicolas@uniandes.edu.co	compras	Unauthorized
2025-03-16T16:24:05.017473	diego@uniandes.edu.co	transporte	Unauthorized
2025-03-16T16:24:05.036951	nicolas@uniandes.edu.co	compras	Unauthorized
2025-03-16T16:24:05.055941	jose@uniandes.edu.co	ventas	Authorized
2025-03-16T16:24:05.074654	jose@uniandes.edu.co	ventas	Authorized
2025-03-16T16:24:05.094435	john@uniandes.edu.co	ventas	Authorized
2025-03-16T16:24:05.113050	nicolas@uniandes.edu.co	compras	Unauthorized
2025-03-16T16:24:05.140819	jose@uniandes.edu.co	ventas	Authorized
2025-03-16T16:24:05.161814	nicolas@uniandes.edu.co	compras	Unauthorized
2025-03-16T16:24:05.181715	diego@uniandes.edu.co	transporte	Unauthorized
2025-03-16T16:24:05.201487	nicolas@uniandes.edu.co	compras	Unauthorized
2025-03-16T16:24:05.223132	diego@uniandes.edu.co	transporte	Unauthorized
2025-03-16T16:24:05.243607	diego@uniandes.edu.co	transporte	Unauthorized
2025-03-16T16:24:05.263435	diego@uniandes.edu.co	transporte	Unauthorized
2025-03-16T16:24:05.283037	jose@uniandes.edu.co	ventas	Authorized
2025-03-16T16:24:05.304823	diego@uniandes.edu.co	transporte	Unauthorized
2025-03-16T16:24:05.324124	john@uniandes.edu.co	ventas	Authorized
2025-03-16T16:24:05.342994	jose@uniandes.edu.co	ventas	Authorized
2025-03-16T16:24:05.364602	nicolas@uniandes.edu.co	compras	Unauthorized
2025-03-16T16:24:05.384934	john@uniandes.edu.co	ventas	Authorized
2025-03-16T16:24:05.404498	jose@uniandes.edu.co	ventas	Authorized
2025-03-16T16:24:05.425152	john@uniandes.edu.co	ventas	Authorized
2025-03-16T16:24:05.446172	nicolas@uniandes.edu.co	compras	Unauthorized
2025-03-16T16:24:05.466521	jose@uniandes.edu.co	ventas	Authorized
2025-03-16T16:24:05.487060	nicolas@uniandes.edu.co	compras	Unauthorized
2025-03-16T16:24:05.507513	john@uniandes.edu.co	ventas	Authorized
2025-03-16T16:24:05.527802	diego@uniandes.edu.co	transporte	Unauthorized
2025-03-16T16:24:05.547477	nicolas@uniandes.edu.co	compras	Unauthorized
2025-03-16T16:24:05.569142	john@uniandes.edu.co	ventas	Authorized
2025-03-16T16:24:05.588888	nicolas@uniandes.edu.co	compras	Unauthorized
2025-03-16T16:24:05.610878	nicolas@uniandes.edu.co	compras	Unauthorized
2025-03-16T16:24:05.636484	nicolas@uniandes.edu.co	compras	Unauthorized
2025-03-16T16:24:05.652236	nicolas@uniandes.edu.co	compras	Unauthorized
2025-03-16T16:24:05.672090	nicolas@uniandes.edu.co	compras	Unauthorized
2025-03-16T16:24:05.693058	john@uniandes.edu.co	ventas	Authorized
2025-03-16T16:24:05.713418	jose@uniandes.edu.co	ventas	Authorized
2025-03-16T16:24:05.733322	john@uniandes.edu.co	ventas	Authorized
2025-03-16T16:24:05.752222	john@uniandes.edu.co	ventas	Authorized
2025-03-16T16:24:05.773061	jose@uniandes.edu.co	ventas	Authorized
2025-03-16T16:24:05.791916	diego@uniandes.edu.co	transporte	Unauthorized
2025-03-16T16:24:05.810354	nicolas@uniandes.edu.co	compras	Unauthorized
2025-03-16T16:24:05.829584	diego@uniandes.edu.co	transporte	Unauthorized
2025-03-16T16:24:05.848238	nicolas@uniandes.edu.co	compras	Unauthorized
2025-03-16T16:24:05.866921	diego@uniandes.edu.co	transporte	Unauthorized
2025-03-16T16:24:05.884847	john@uniandes.edu.co	ventas	Authorized
2025-03-16T16:24:05.904815	diego@uniandes.edu.co	transporte	Unauthorized
2025-03-16T16:24:05.923542	nicolas@uniandes.edu.co	compras	Unauthorized
2025-03-16T16:24:05.941518	john@uniandes.edu.co	ventas	Authorized
2025-03-16T16:24:05.960107	diego@uniandes.edu.co	transporte	Unauthorized
2025-03-16T16:24:05.979034	diego@uniandes.edu.co	transporte	Unauthorized
2025-03-16T16:24:05.997991	diego@uniandes.edu.co	transporte	Unauthorized
2025-03-16T16:24:06.018739	diego@uniandes.edu.co	transporte	Unauthorized
2025-03-16T16:24:06.039534	jose@uniandes.edu.co	ventas	Authorized
2025-03-16T16:24:06.058638	nicolas@uniandes.edu.co	compras	Unauthorized
2025-03-16T16:24:06.077162	diego@uniandes.edu.co	transporte	Unauthorized
2025-03-16T16:24:06.095116	jose@uniandes.edu.co	ventas	Authorized
2025-03-16T16:24:06.113232	jose@uniandes.edu.co	ventas	Authorized
2025-03-16T16:24:06.131491	nicolas@uniandes.edu.co	compras	Unauthorized
2025-03-16T16:24:06.149428	diego@uniandes.edu.co	transporte	Unauthorized
2025-03-16T16:24:06.164023	john@uniandes.edu.co	ventas	Authorized
2025-03-16T16:24:06.183303	john@uniandes.edu.co	ventas	Authorized
2025-03-16T16:24:06.201625	diego@uniandes.edu.co	transporte	Unauthorized
2025-03-16T16:24:06.219889	john@uniandes.edu.co	ventas	Authorized
2025-03-16T16:24:06.239643	diego@uniandes.edu.co	transporte	Unauthorized
2025-03-16T16:24:06.258044	nicolas@uniandes.edu.co	compras	Unauthorized
2025-03-16T16:24:06.276636	jose@uniandes.edu.co	ventas	Authorized
2025-03-16T16:24:06.295352	nicolas@uniandes.edu.co	compras	Unauthorized
2025-03-16T16:24:06.314535	nicolas@uniandes.edu.co	compras	Unauthorized
2025-03-16T16:24:06.333121	jose@uniandes.edu.co	ventas	Authorized
2025-03-16T16:24:06.351326	jose@uniandes.edu.co	ventas	Authorized
2025-03-16T16:24:06.371426	john@uniandes.edu.co	ventas	Authorized
2025-03-16T16:24:06.390359	nicolas@uniandes.edu.co	compras	Unauthorized
2025-03-16T16:24:06.409095	nicolas@uniandes.edu.co	compras	Unauthorized
2025-03-16T16:24:06.427812	jose@uniandes.edu.co	ventas	Authorized
2025-03-16T16:24:06.449884	jose@uniandes.edu.co	ventas	Authorized
2025-03-16T16:24:06.468220	jose@uniandes.edu.co	ventas	Authorized
2025-03-16T16:24:06.486603	john@uniandes.edu.co	ventas	Authorized
2025-03-16T16:24:06.506362	jose@uniandes.edu.co	ventas	Authorized
2025-03-16T16:24:06.524355	john@uniandes.edu.co	ventas	Authorized
2025-03-16T16:24:06.542157	john@uniandes.edu.co	ventas	Authorized
2025-03-16T16:24:06.560147	jose@uniandes.edu.co	ventas	Authorized
2025-03-16T16:24:06.579437	nicolas@uniandes.edu.co	compras	Unauthorized
2025-03-16T16:24:06.597532	diego@uniandes.edu.co	transporte	Unauthorized
2025-03-16T16:24:06.615468	jose@uniandes.edu.co	ventas	Authorized
2025-03-16T16:24:06.633092	jose@uniandes.edu.co	ventas	Authorized
2025-03-16T16:24:06.650793	jose@uniandes.edu.co	ventas	Authorized
2025-03-16T16:24:06.664131	john@uniandes.edu.co	ventas	Authorized
2025-03-16T16:24:06.683263	diego@uniandes.edu.co	transporte	Unauthorized
2025-03-16T16:24:06.702418	john@uniandes.edu.co	ventas	Authorized
2025-03-16T16:24:06.721132	jose@uniandes.edu.co	ventas	Authorized
2025-03-16T16:24:06.739768	nicolas@uniandes.edu.co	compras	Unauthorized
2025-03-16T16:24:06.758104	diego@uniandes.edu.co	transporte	Unauthorized
2025-03-16T16:24:06.778365	nicolas@uniandes.edu.co	compras	Unauthorized
2025-03-16T16:24:06.796625	nicolas@uniandes.edu.co	compras	Unauthorized
2025-03-16T16:24:06.815634	nicolas@uniandes.edu.co	compras	Unauthorized
2025-03-16T16:24:06.834566	john@uniandes.edu.co	ventas	Authorized
2025-03-16T16:24:06.852782	jose@uniandes.edu.co	ventas	Authorized
2025-03-16T16:24:06.870786	john@uniandes.edu.co	ventas	Authorized
2025-03-16T16:24:06.889320	john@uniandes.edu.co	ventas	Authorized
2025-03-16T16:24:06.909257	nicolas@uniandes.edu.co	compras	Unauthorized
2025-03-16T16:24:06.927706	nicolas@uniandes.edu.co	compras	Unauthorized
2025-03-16T16:24:06.945758	john@uniandes.edu.co	ventas	Authorized
2025-03-16T16:24:06.965038	diego@uniandes.edu.co	transporte	Unauthorized
2025-03-16T16:24:06.984316	john@uniandes.edu.co	ventas	Authorized
2025-03-16T16:24:07.002931	john@uniandes.edu.co	ventas	Authorized
2025-03-16T16:24:07.021100	nicolas@uniandes.edu.co	compras	Unauthorized
2025-03-16T16:24:07.040428	jose@uniandes.edu.co	ventas	Authorized
2025-03-16T16:24:07.058688	diego@uniandes.edu.co	transporte	Unauthorized
2025-03-16T16:24:07.077586	nicolas@uniandes.edu.co	compras	Unauthorized
2025-03-16T16:24:07.095521	diego@uniandes.edu.co	transporte	Unauthorized
2025-03-16T16:24:07.115386	jose@uniandes.edu.co	ventas	Authorized
2025-03-16T16:24:07.134844	diego@uniandes.edu.co	transporte	Unauthorized
2025-03-16T16:24:07.153841	john@uniandes.edu.co	ventas	Authorized
2025-03-16T16:24:07.174588	nicolas@uniandes.edu.co	compras	Unauthorized
2025-03-16T16:24:07.194613	nicolas@uniandes.edu.co	compras	Unauthorized
2025-03-16T16:24:07.214392	diego@uniandes.edu.co	transporte	Unauthorized
2025-03-16T16:24:07.235016	nicolas@uniandes.edu.co	compras	Unauthorized
2025-03-16T16:24:07.254787	diego@uniandes.edu.co	transporte	Unauthorized
2025-03-16T16:24:07.273871	john@uniandes.edu.co	ventas	Authorized
2025-03-16T16:24:07.292961	jose@uniandes.edu.co	ventas	Authorized
2025-03-16T16:24:07.313333	jose@uniandes.edu.co	ventas	Authorized
2025-03-16T16:24:07.332892	john@uniandes.edu.co	ventas	Authorized
2025-03-16T16:24:07.352031	jose@uniandes.edu.co	ventas	Authorized
2025-03-16T16:24:07.372369	nicolas@uniandes.edu.co	compras	Unauthorized
2025-03-16T16:24:07.391967	john@uniandes.edu.co	ventas	Authorized
2025-03-16T16:24:07.410755	john@uniandes.edu.co	ventas	Authorized
2025-03-16T16:24:07.430049	diego@uniandes.edu.co	transporte	Unauthorized
2025-03-16T16:24:07.450368	jose@uniandes.edu.co	ventas	Authorized
2025-03-16T16:24:07.469854	john@uniandes.edu.co	ventas	Authorized
2025-03-16T16:24:07.489255	john@uniandes.edu.co	ventas	Authorized
2025-03-16T16:24:07.508889	john@uniandes.edu.co	ventas	Authorized
2025-03-16T16:24:07.527486	diego@uniandes.edu.co	transporte	Unauthorized
2025-03-16T16:24:07.546271	jose@uniandes.edu.co	ventas	Authorized
2025-03-16T16:24:07.564701	diego@uniandes.edu.co	transporte	Unauthorized
2025-03-16T16:24:07.584044	jose@uniandes.edu.co	ventas	Authorized
2025-03-16T16:24:07.602863	nicolas@uniandes.edu.co	compras	Unauthorized
2025-03-16T16:24:07.621211	john@uniandes.edu.co	ventas	Authorized
2025-03-16T16:24:07.640111	jose@uniandes.edu.co	ventas	Authorized
2025-03-16T16:24:07.658737	john@uniandes.edu.co	ventas	Authorized
2025-03-16T16:24:07.676811	nicolas@uniandes.edu.co	compras	Unauthorized
2025-03-16T16:24:07.690928	diego@uniandes.edu.co	transporte	Unauthorized
2025-03-16T16:24:07.710970	nicolas@uniandes.edu.co	compras	Unauthorized
2025-03-16T16:24:07.729910	nicolas@uniandes.edu.co	compras	Unauthorized
2025-03-16T16:24:07.748210	jose@uniandes.edu.co	ventas	Authorized
2025-03-16T16:24:07.766718	jose@uniandes.edu.co	ventas	Authorized
2025-03-16T16:24:07.786706	jose@uniandes.edu.co	ventas	Authorized
2025-03-16T16:24:07.805832	nicolas@uniandes.edu.co	compras	Unauthorized
2025-03-16T16:24:07.824587	diego@uniandes.edu.co	transporte	Unauthorized
2025-03-16T16:24:07.844058	diego@uniandes.edu.co	transporte	Unauthorized
2025-03-16T16:24:07.863105	john@uniandes.edu.co	ventas	Authorized
2025-03-16T16:24:07.883346	john@uniandes.edu.co	ventas	Authorized
2025-03-16T16:24:07.902155	jose@uniandes.edu.co	ventas	Authorized
2025-03-16T16:24:07.921749	diego@uniandes.edu.co	transporte	Unauthorized
2025-03-16T16:24:07.940284	jose@uniandes.edu.co	ventas	Authorized
2025-03-16T16:24:07.958298	jose@uniandes.edu.co	ventas	Authorized
2025-03-16T16:24:07.977175	diego@uniandes.edu.co	transporte	Unauthorized
2025-03-16T16:24:07.996819	diego@uniandes.edu.co	transporte	Unauthorized
2025-03-16T16:24:08.014983	john@uniandes.edu.co	ventas	Authorized
2025-03-16T16:24:08.034559	jose@uniandes.edu.co	ventas	Authorized
2025-03-16T16:24:08.055262	diego@uniandes.edu.co	transporte	Unauthorized
2025-03-16T16:24:08.075974	diego@uniandes.edu.co	transporte	Unauthorized
2025-03-16T16:24:08.095462	jose@uniandes.edu.co	ventas	Authorized
2025-03-16T16:24:08.114641	john@uniandes.edu.co	ventas	Authorized
2025-03-16T16:24:08.134179	john@uniandes.edu.co	ventas	Authorized
2025-03-16T16:24:08.152310	nicolas@uniandes.edu.co	compras	Unauthorized
2025-03-16T16:24:08.170194	jose@uniandes.edu.co	ventas	Authorized
2025-03-16T16:24:08.189922	nicolas@uniandes.edu.co	compras	Unauthorized
2025-03-16T16:24:08.204509	nicolas@uniandes.edu.co	compras	Unauthorized
2025-03-16T16:24:08.223188	nicolas@uniandes.edu.co	compras	Unauthorized
2025-03-16T16:24:08.241956	nicolas@uniandes.edu.co	compras	Unauthorized
2025-03-16T16:24:08.261970	diego@uniandes.edu.co	transporte	Unauthorized
2025-03-16T16:24:08.280375	john@uniandes.edu.co	ventas	Authorized
2025-03-16T16:24:08.298544	nicolas@uniandes.edu.co	compras	Unauthorized
2025-03-16T16:24:08.318140	diego@uniandes.edu.co	transporte	Unauthorized
2025-03-16T16:24:08.336778	jose@uniandes.edu.co	ventas	Authorized
2025-03-16T16:24:08.355410	john@uniandes.edu.co	ventas	Authorized
2025-03-16T16:24:08.374817	john@uniandes.edu.co	ventas	Authorized
2025-03-16T16:24:08.394207	diego@uniandes.edu.co	transporte	Unauthorized
2025-03-16T16:24:08.412785	nicolas@uniandes.edu.co	compras	Unauthorized
2025-03-16T16:24:08.431374	nicolas@uniandes.edu.co	compras	Unauthorized
2025-03-16T16:24:08.451170	jose@uniandes.edu.co	ventas	Authorized
2025-03-16T16:24:08.470325	nicolas@uniandes.edu.co	compras	Unauthorized
2025-03-16T16:24:08.488968	nicolas@uniandes.edu.co	compras	Unauthorized
2025-03-16T16:24:08.507819	nicolas@uniandes.edu.co	compras	Unauthorized
2025-03-16T16:24:08.527891	diego@uniandes.edu.co	transporte	Unauthorized
2025-03-16T16:24:08.548418	john@uniandes.edu.co	ventas	Authorized
2025-03-16T16:24:08.566807	john@uniandes.edu.co	ventas	Authorized
2025-03-16T16:24:08.590712	john@uniandes.edu.co	ventas	Authorized
2025-03-16T16:24:08.614853	john@uniandes.edu.co	ventas	Authorized
2025-03-16T16:24:08.635691	diego@uniandes.edu.co	transporte	Unauthorized
2025-03-16T16:24:08.656741	nicolas@uniandes.edu.co	compras	Unauthorized
2025-03-16T16:24:08.676638	john@uniandes.edu.co	ventas	Authorized
2025-03-16T16:24:08.694869	diego@uniandes.edu.co	transporte	Unauthorized
2025-03-16T16:24:08.714506	diego@uniandes.edu.co	transporte	Unauthorized
2025-03-16T16:24:08.733477	john@uniandes.edu.co	ventas	Authorized
2025-03-16T16:24:08.753783	diego@uniandes.edu.co	transporte	Unauthorized
2025-03-16T16:24:08.773429	jose@uniandes.edu.co	ventas	Authorized
2025-03-16T16:24:08.794824	diego@uniandes.edu.co	transporte	Unauthorized
2025-03-16T16:24:08.814036	jose@uniandes.edu.co	ventas	Authorized
2025-03-16T16:24:08.834165	diego@uniandes.edu.co	transporte	Unauthorized
2025-03-16T16:24:08.855111	diego@uniandes.edu.co	transporte	Unauthorized
2025-03-16T16:24:08.874846	john@uniandes.edu.co	ventas	Authorized
2025-03-16T16:24:08.894606	diego@uniandes.edu.co	transporte	Unauthorized
2025-03-16T16:24:08.917402	john@uniandes.edu.co	ventas	Authorized
2025-03-16T16:24:08.941805	john@uniandes.edu.co	ventas	Authorized
2025-03-16T16:24:08.961042	diego@uniandes.edu.co	transporte	Unauthorized
2025-03-16T16:24:08.980628	nicolas@uniandes.edu.co	compras	Unauthorized
2025-03-16T16:24:09.001483	nicolas@uniandes.edu.co	compras	Unauthorized
2025-03-16T16:24:09.020878	diego@uniandes.edu.co	transporte	Unauthorized
2025-03-16T16:24:09.039962	jose@uniandes.edu.co	ventas	Authorized
2025-03-16T16:24:09.060235	nicolas@uniandes.edu.co	compras	Unauthorized
2025-03-16T16:24:09.078922	john@uniandes.edu.co	ventas	Authorized
2025-03-16T16:24:09.097863	john@uniandes.edu.co	ventas	Authorized
2025-03-16T16:24:09.117276	diego@uniandes.edu.co	transporte	Unauthorized
2025-03-16T16:24:09.137351	jose@uniandes.edu.co	ventas	Authorized
2025-03-16T16:24:09.156118	john@uniandes.edu.co	ventas	Authorized
2025-03-16T16:24:09.173969	jose@uniandes.edu.co	ventas	Authorized
2025-03-16T16:24:09.193536	nicolas@uniandes.edu.co	compras	Unauthorized
2025-03-16T16:24:09.207975	john@uniandes.edu.co	ventas	Authorized
2025-03-16T16:24:09.226912	diego@uniandes.edu.co	transporte	Unauthorized
2025-03-16T16:24:09.245964	diego@uniandes.edu.co	transporte	Unauthorized
2025-03-16T16:24:09.265500	john@uniandes.edu.co	ventas	Authorized
2025-03-16T16:24:09.284103	jose@uniandes.edu.co	ventas	Authorized
2025-03-16T16:24:09.303047	jose@uniandes.edu.co	ventas	Authorized
2025-03-16T16:24:09.322644	nicolas@uniandes.edu.co	compras	Unauthorized
2025-03-16T16:24:09.341493	nicolas@uniandes.edu.co	compras	Unauthorized
2025-03-16T16:24:09.358891	diego@uniandes.edu.co	transporte	Unauthorized
2025-03-16T16:24:09.377502	nicolas@uniandes.edu.co	compras	Unauthorized
2025-03-16T16:24:09.397818	nicolas@uniandes.edu.co	compras	Unauthorized
2025-03-16T16:24:09.417420	john@uniandes.edu.co	ventas	Authorized
2025-03-16T16:24:09.436763	nicolas@uniandes.edu.co	compras	Unauthorized
2025-03-16T16:24:09.457726	jose@uniandes.edu.co	ventas	Authorized
2025-03-16T16:24:09.476829	john@uniandes.edu.co	ventas	Authorized
2025-03-16T16:24:09.497120	diego@uniandes.edu.co	transporte	Unauthorized
2025-03-16T16:24:09.517166	jose@uniandes.edu.co	ventas	Authorized
2025-03-16T16:24:09.536789	nicolas@uniandes.edu.co	compras	Unauthorized
2025-03-16T16:24:09.556565	nicolas@uniandes.edu.co	compras	Unauthorized
2025-03-16T16:24:09.576301	jose@uniandes.edu.co	ventas	Authorized
2025-03-16T16:24:09.596806	diego@uniandes.edu.co	transporte	Unauthorized
2025-03-16T16:24:09.618369	jose@uniandes.edu.co	ventas	Authorized
2025-03-16T16:24:09.638458	john@uniandes.edu.co	ventas	Authorized
2025-03-16T16:24:09.657999	jose@uniandes.edu.co	ventas	Authorized
2025-03-16T16:24:09.676192	diego@uniandes.edu.co	transporte	Unauthorized
2025-03-16T16:24:09.694714	john@uniandes.edu.co	ventas	Authorized
2025-03-16T16:24:09.709268	jose@uniandes.edu.co	ventas	Authorized
2025-03-16T16:24:09.728824	john@uniandes.edu.co	ventas	Authorized
2025-03-16T16:24:09.747427	john@uniandes.edu.co	ventas	Authorized
2025-03-16T16:24:09.765446	diego@uniandes.edu.co	transporte	Unauthorized
2025-03-16T16:24:09.783636	jose@uniandes.edu.co	ventas	Authorized
2025-03-16T16:24:09.803481	diego@uniandes.edu.co	transporte	Unauthorized
2025-03-16T16:24:09.821505	jose@uniandes.edu.co	ventas	Authorized
2025-03-16T16:24:09.839589	jose@uniandes.edu.co	ventas	Authorized
2025-03-16T16:24:09.858733	jose@uniandes.edu.co	ventas	Authorized
2025-03-16T16:24:09.877329	nicolas@uniandes.edu.co	compras	Unauthorized
2025-03-16T16:24:09.895766	diego@uniandes.edu.co	transporte	Unauthorized
2025-03-16T16:24:09.914348	nicolas@uniandes.edu.co	compras	Unauthorized
2025-03-16T16:24:09.934157	jose@uniandes.edu.co	ventas	Authorized
2025-03-16T16:24:09.953007	nicolas@uniandes.edu.co	compras	Unauthorized
2025-03-16T16:24:09.971973	john@uniandes.edu.co	ventas	Authorized
2025-03-16T16:24:09.990542	nicolas@uniandes.edu.co	compras	Unauthorized
2025-03-16T16:24:10.009704	nicolas@uniandes.edu.co	compras	Unauthorized
2025-03-16T16:24:10.028221	john@uniandes.edu.co	ventas	Authorized
2025-03-16T16:24:10.046556	jose@uniandes.edu.co	ventas	Authorized
2025-03-16T16:24:10.066680	john@uniandes.edu.co	ventas	Authorized
2025-03-16T16:24:10.085994	john@uniandes.edu.co	ventas	Authorized
2025-03-16T16:24:10.105500	nicolas@uniandes.edu.co	compras	Unauthorized
2025-03-16T16:24:10.126803	jose@uniandes.edu.co	ventas	Authorized
2025-03-16T16:24:10.146501	jose@uniandes.edu.co	ventas	Authorized
2025-03-16T16:24:10.164478	john@uniandes.edu.co	ventas	Authorized
2025-03-16T16:24:10.182707	jose@uniandes.edu.co	ventas	Authorized
2025-03-16T16:24:10.202251	john@uniandes.edu.co	ventas	Authorized
2025-03-16T16:24:10.216749	john@uniandes.edu.co	ventas	Authorized
2025-03-16T16:24:10.236453	diego@uniandes.edu.co	transporte	Unauthorized
2025-03-16T16:24:10.256339	john@uniandes.edu.co	ventas	Authorized
2025-03-16T16:24:10.276273	jose@uniandes.edu.co	ventas	Authorized
2025-03-16T16:24:10.294327	diego@uniandes.edu.co	transporte	Unauthorized
2025-03-16T16:24:10.312359	diego@uniandes.edu.co	transporte	Unauthorized
2025-03-16T16:24:10.332086	nicolas@uniandes.edu.co	compras	Unauthorized
2025-03-16T16:24:10.352408	diego@uniandes.edu.co	transporte	Unauthorized
2025-03-16T16:24:10.372331	nicolas@uniandes.edu.co	compras	Unauthorized
2025-03-16T16:24:10.393585	jose@uniandes.edu.co	ventas	Authorized
2025-03-16T16:24:10.414290	nicolas@uniandes.edu.co	compras	Unauthorized
2025-03-16T16:24:10.434695	nicolas@uniandes.edu.co	compras	Unauthorized
2025-03-16T16:24:10.455416	nicolas@uniandes.edu.co	compras	Unauthorized
2025-03-16T16:24:10.476478	john@uniandes.edu.co	ventas	Authorized
2025-03-16T16:24:10.495868	diego@uniandes.edu.co	transporte	Unauthorized
2025-03-16T16:24:10.514763	nicolas@uniandes.edu.co	compras	Unauthorized
2025-03-16T16:24:10.535006	diego@uniandes.edu.co	transporte	Unauthorized
2025-03-16T16:24:10.554232	diego@uniandes.edu.co	transporte	Unauthorized
2025-03-16T16:24:10.572776	john@uniandes.edu.co	ventas	Authorized
2025-03-16T16:24:10.604248	diego@uniandes.edu.co	transporte	Unauthorized
2025-03-16T16:24:10.623169	john@uniandes.edu.co	ventas	Authorized
2025-03-16T16:24:10.644348	diego@uniandes.edu.co	transporte	Unauthorized
2025-03-16T16:24:10.663610	diego@uniandes.edu.co	transporte	Unauthorized
2025-03-16T16:24:10.683577	john@uniandes.edu.co	ventas	Authorized
2025-03-16T16:24:10.702419	nicolas@uniandes.edu.co	compras	Unauthorized
2025-03-16T16:24:10.721309	nicolas@uniandes.edu.co	compras	Unauthorized
2025-03-16T16:24:10.736613	jose@uniandes.edu.co	ventas	Authorized
2025-03-16T16:24:10.755850	jose@uniandes.edu.co	ventas	Authorized
2025-03-16T16:24:10.775726	diego@uniandes.edu.co	transporte	Unauthorized
2025-03-16T16:24:10.794995	nicolas@uniandes.edu.co	compras	Unauthorized
2025-03-16T16:24:10.814674	diego@uniandes.edu.co	transporte	Unauthorized
2025-03-16T16:24:10.833320	jose@uniandes.edu.co	ventas	Authorized
2025-03-16T16:24:10.852939	diego@uniandes.edu.co	transporte	Unauthorized
2025-03-16T16:24:10.875631	diego@uniandes.edu.co	transporte	Unauthorized
2025-03-16T16:24:10.903812	jose@uniandes.edu.co	ventas	Authorized
2025-03-16T16:24:10.923919	nicolas@uniandes.edu.co	compras	Unauthorized
2025-03-16T16:24:10.945066	john@uniandes.edu.co	ventas	Authorized
2025-03-16T16:24:10.964821	nicolas@uniandes.edu.co	compras	Unauthorized
2025-03-16T16:24:10.984934	jose@uniandes.edu.co	ventas	Authorized
2025-03-16T16:24:11.005560	john@uniandes.edu.co	ventas	Authorized
2025-03-16T16:24:11.025786	nicolas@uniandes.edu.co	compras	Unauthorized
2025-03-16T16:24:11.044740	jose@uniandes.edu.co	ventas	Authorized
2025-03-16T16:24:11.064587	jose@uniandes.edu.co	ventas	Authorized
2025-03-16T16:24:11.084724	nicolas@uniandes.edu.co	compras	Unauthorized
2025-03-16T16:24:11.103784	diego@uniandes.edu.co	transporte	Unauthorized
2025-03-16T16:24:11.123053	jose@uniandes.edu.co	ventas	Authorized
2025-03-16T16:24:11.143956	diego@uniandes.edu.co	transporte	Unauthorized
2025-03-16T16:24:11.165052	john@uniandes.edu.co	ventas	Authorized
2025-03-16T16:24:11.186312	john@uniandes.edu.co	ventas	Authorized
2025-03-16T16:24:11.208625	diego@uniandes.edu.co	transporte	Unauthorized
2025-03-16T16:24:11.228264	john@uniandes.edu.co	ventas	Authorized
2025-03-16T16:24:11.247631	john@uniandes.edu.co	ventas	Authorized
2025-03-16T16:24:11.268239	john@uniandes.edu.co	ventas	Authorized
2025-03-16T16:24:11.287839	john@uniandes.edu.co	ventas	Authorized
2025-03-16T16:24:11.306716	diego@uniandes.edu.co	transporte	Unauthorized
2025-03-16T16:24:11.324971	nicolas@uniandes.edu.co	compras	Unauthorized
2025-03-16T16:24:11.345295	john@uniandes.edu.co	ventas	Authorized
2025-03-16T16:24:11.364242	nicolas@uniandes.edu.co	compras	Unauthorized
2025-03-16T16:24:11.382959	jose@uniandes.edu.co	ventas	Authorized
2025-03-16T16:24:11.402315	jose@uniandes.edu.co	ventas	Authorized
2025-03-16T16:24:11.421661	jose@uniandes.edu.co	ventas	Authorized
2025-03-16T16:24:11.440363	diego@uniandes.edu.co	transporte	Unauthorized
2025-03-16T16:24:11.458847	diego@uniandes.edu.co	transporte	Unauthorized
2025-03-16T16:24:11.478544	jose@uniandes.edu.co	ventas	Authorized
2025-03-16T16:24:11.496984	diego@uniandes.edu.co	transporte	Unauthorized
2025-03-16T16:24:11.515930	jose@uniandes.edu.co	ventas	Authorized
2025-03-16T16:24:11.534544	john@uniandes.edu.co	ventas	Authorized
2025-03-16T16:24:11.554952	jose@uniandes.edu.co	ventas	Authorized
2025-03-16T16:24:11.574506	jose@uniandes.edu.co	ventas	Authorized
2025-03-16T16:24:11.593075	john@uniandes.edu.co	ventas	Authorized
2025-03-16T16:24:11.614065	john@uniandes.edu.co	ventas	Authorized
2025-03-16T16:24:11.633011	john@uniandes.edu.co	ventas	Authorized
2025-03-16T16:24:11.651726	jose@uniandes.edu.co	ventas	Authorized
2025-03-16T16:24:11.671033	john@uniandes.edu.co	ventas	Authorized
2025-03-16T16:24:11.690817	john@uniandes.edu.co	ventas	Authorized
2025-03-16T16:24:11.709807	diego@uniandes.edu.co	transporte	Unauthorized
2025-03-16T16:24:11.728507	john@uniandes.edu.co	ventas	Authorized
2025-03-16T16:24:11.748559	nicolas@uniandes.edu.co	compras	Unauthorized
2025-03-16T16:24:11.769745	jose@uniandes.edu.co	ventas	Authorized
2025-03-16T16:24:11.789410	diego@uniandes.edu.co	transporte	Unauthorized
2025-03-16T16:24:11.809766	diego@uniandes.edu.co	transporte	Unauthorized
2025-03-16T16:24:11.829436	nicolas@uniandes.edu.co	compras	Unauthorized
2025-03-16T16:24:11.849828	diego@uniandes.edu.co	transporte	Unauthorized
2025-03-16T16:24:11.870423	jose@uniandes.edu.co	ventas	Authorized
2025-03-16T16:24:11.891699	john@uniandes.edu.co	ventas	Authorized
2025-03-16T16:24:11.912068	diego@uniandes.edu.co	transporte	Unauthorized
2025-03-16T16:24:11.932541	diego@uniandes.edu.co	transporte	Unauthorized
2025-03-16T16:24:11.954425	diego@uniandes.edu.co	transporte	Unauthorized
2025-03-16T16:24:11.975083	john@uniandes.edu.co	ventas	Authorized
2025-03-16T16:24:11.995467	diego@uniandes.edu.co	transporte	Unauthorized
2025-03-16T16:24:12.016422	jose@uniandes.edu.co	ventas	Authorized
2025-03-16T16:24:12.036507	john@uniandes.edu.co	ventas	Authorized
2025-03-16T16:24:12.055719	john@uniandes.edu.co	ventas	Authorized
2025-03-16T16:24:12.075522	nicolas@uniandes.edu.co	compras	Unauthorized
2025-03-16T16:24:12.095385	nicolas@uniandes.edu.co	compras	Unauthorized
2025-03-16T16:24:12.116730	john@uniandes.edu.co	ventas	Authorized
2025-03-16T16:24:12.137746	jose@uniandes.edu.co	ventas	Authorized
2025-03-16T16:24:12.161155	diego@uniandes.edu.co	transporte	Unauthorized
2025-03-16T16:24:12.182984	jose@uniandes.edu.co	ventas	Authorized
2025-03-16T16:24:12.202717	diego@uniandes.edu.co	transporte	Unauthorized
2025-03-16T16:24:12.225746	john@uniandes.edu.co	ventas	Authorized
2025-03-16T16:24:12.247314	diego@uniandes.edu.co	transporte	Unauthorized
2025-03-16T16:24:12.267127	diego@uniandes.edu.co	transporte	Unauthorized
2025-03-16T16:24:12.289180	diego@uniandes.edu.co	transporte	Unauthorized
2025-03-16T16:24:12.309369	john@uniandes.edu.co	ventas	Authorized
2025-03-16T16:24:12.329692	diego@uniandes.edu.co	transporte	Unauthorized
2025-03-16T16:24:12.349725	nicolas@uniandes.edu.co	compras	Unauthorized
2025-03-16T16:24:12.369430	jose@uniandes.edu.co	ventas	Authorized
2025-03-16T16:24:12.388415	diego@uniandes.edu.co	transporte	Unauthorized
2025-03-16T16:24:12.408225	nicolas@uniandes.edu.co	compras	Unauthorized
2025-03-16T16:24:12.428313	john@uniandes.edu.co	ventas	Authorized
2025-03-16T16:24:12.447857	jose@uniandes.edu.co	ventas	Authorized
2025-03-16T16:24:12.467871	nicolas@uniandes.edu.co	compras	Unauthorized
2025-03-16T16:24:12.488363	nicolas@uniandes.edu.co	compras	Unauthorized
2025-03-16T16:24:12.507072	john@uniandes.edu.co	ventas	Authorized
2025-03-16T16:24:12.526836	nicolas@uniandes.edu.co	compras	Unauthorized
2025-03-16T16:24:12.546629	nicolas@uniandes.edu.co	compras	Unauthorized
2025-03-16T16:24:12.565597	john@uniandes.edu.co	ventas	Authorized
2025-03-16T16:24:12.584585	diego@uniandes.edu.co	transporte	Unauthorized
2025-03-16T16:24:12.604137	nicolas@uniandes.edu.co	compras	Unauthorized
2025-03-16T16:24:12.624931	nicolas@uniandes.edu.co	compras	Unauthorized
2025-03-16T16:24:12.643738	nicolas@uniandes.edu.co	compras	Unauthorized
2025-03-16T16:24:12.662724	diego@uniandes.edu.co	transporte	Unauthorized
2025-03-16T16:24:12.682645	diego@uniandes.edu.co	transporte	Unauthorized
2025-03-16T16:24:12.702691	diego@uniandes.edu.co	transporte	Unauthorized
2025-03-16T16:24:12.722173	john@uniandes.edu.co	ventas	Authorized
2025-03-16T16:24:12.741216	nicolas@uniandes.edu.co	compras	Unauthorized
2025-03-16T16:24:12.761885	jose@uniandes.edu.co	ventas	Authorized
2025-03-16T16:24:12.780921	jose@uniandes.edu.co	ventas	Authorized
2025-03-16T16:24:12.800821	diego@uniandes.edu.co	transporte	Unauthorized
2025-03-16T16:24:12.820606	diego@uniandes.edu.co	transporte	Unauthorized
2025-03-16T16:24:12.839382	jose@uniandes.edu.co	ventas	Authorized
2025-03-16T16:24:12.857830	john@uniandes.edu.co	ventas	Authorized
2025-03-16T16:24:12.876168	nicolas@uniandes.edu.co	compras	Unauthorized
2025-03-16T16:24:12.896431	john@uniandes.edu.co	ventas	Authorized
2025-03-16T16:24:12.915827	jose@uniandes.edu.co	ventas	Authorized
2025-03-16T16:24:12.934583	john@uniandes.edu.co	ventas	Authorized
2025-03-16T16:24:12.954079	john@uniandes.edu.co	ventas	Authorized
2025-03-16T16:24:12.972637	jose@uniandes.edu.co	ventas	Authorized
2025-03-16T16:24:12.992116	jose@uniandes.edu.co	ventas	Authorized
2025-03-16T16:24:13.010707	john@uniandes.edu.co	ventas	Authorized
2025-03-16T16:24:13.030902	nicolas@uniandes.edu.co	compras	Unauthorized
2025-03-16T16:24:13.049972	john@uniandes.edu.co	ventas	Authorized
2025-03-16T16:24:13.068873	diego@uniandes.edu.co	transporte	Unauthorized
2025-03-16T16:24:13.087464	nicolas@uniandes.edu.co	compras	Unauthorized
2025-03-16T16:24:13.105503	diego@uniandes.edu.co	transporte	Unauthorized
2025-03-16T16:24:13.124197	diego@uniandes.edu.co	transporte	Unauthorized
2025-03-16T16:24:13.142501	diego@uniandes.edu.co	transporte	Unauthorized
2025-03-16T16:24:13.162565	nicolas@uniandes.edu.co	compras	Unauthorized
2025-03-16T16:24:13.181214	john@uniandes.edu.co	ventas	Authorized
2025-03-16T16:24:13.200167	nicolas@uniandes.edu.co	compras	Unauthorized
2025-03-16T16:24:13.221538	diego@uniandes.edu.co	transporte	Unauthorized
2025-03-16T16:24:13.242934	john@uniandes.edu.co	ventas	Authorized
2025-03-16T16:24:13.264429	nicolas@uniandes.edu.co	compras	Unauthorized
2025-03-16T16:24:13.285965	john@uniandes.edu.co	ventas	Authorized
2025-03-16T16:24:13.306310	nicolas@uniandes.edu.co	compras	Unauthorized
2025-03-16T16:24:13.328716	john@uniandes.edu.co	ventas	Authorized
2025-03-16T16:24:13.350303	john@uniandes.edu.co	ventas	Authorized
2025-03-16T16:24:13.372476	diego@uniandes.edu.co	transporte	Unauthorized
2025-03-16T16:24:13.393284	nicolas@uniandes.edu.co	compras	Unauthorized
2025-03-16T16:24:13.417738	diego@uniandes.edu.co	transporte	Unauthorized
2025-03-16T16:24:13.439999	jose@uniandes.edu.co	ventas	Authorized
2025-03-16T16:24:13.461133	diego@uniandes.edu.co	transporte	Unauthorized
2025-03-16T16:24:13.481912	nicolas@uniandes.edu.co	compras	Unauthorized
2025-03-16T16:24:13.504171	jose@uniandes.edu.co	ventas	Authorized
2025-03-16T16:24:13.523190	jose@uniandes.edu.co	ventas	Authorized
2025-03-16T16:24:13.541734	nicolas@uniandes.edu.co	compras	Unauthorized
2025-03-16T16:24:13.561579	nicolas@uniandes.edu.co	compras	Unauthorized
2025-03-16T16:24:13.580530	jose@uniandes.edu.co	ventas	Authorized
2025-03-16T16:24:13.598978	nicolas@uniandes.edu.co	compras	Unauthorized
2025-03-16T16:24:13.617262	john@uniandes.edu.co	ventas	Authorized
2025-03-16T16:24:13.636294	john@uniandes.edu.co	ventas	Authorized
2025-03-16T16:24:13.655769	jose@uniandes.edu.co	ventas	Authorized
2025-03-16T16:24:13.675829	nicolas@uniandes.edu.co	compras	Unauthorized
2025-03-16T16:24:13.697465	nicolas@uniandes.edu.co	compras	Unauthorized
2025-03-16T16:24:13.717451	nicolas@uniandes.edu.co	compras	Unauthorized
2025-03-16T16:24:13.736891	jose@uniandes.edu.co	ventas	Authorized
2025-03-16T16:24:13.758017	john@uniandes.edu.co	ventas	Authorized
2025-03-16T16:24:13.779060	diego@uniandes.edu.co	transporte	Unauthorized
2025-03-16T16:24:13.798971	diego@uniandes.edu.co	transporte	Unauthorized
2025-03-16T16:24:13.818376	diego@uniandes.edu.co	transporte	Unauthorized
2025-03-16T16:24:13.838808	john@uniandes.edu.co	ventas	Authorized
2025-03-16T16:24:13.858441	john@uniandes.edu.co	ventas	Authorized
2025-03-16T16:24:13.877938	diego@uniandes.edu.co	transporte	Unauthorized
2025-03-16T16:24:13.899688	jose@uniandes.edu.co	ventas	Authorized
2025-03-16T16:24:13.919636	diego@uniandes.edu.co	transporte	Unauthorized
2025-03-16T16:24:13.939585	diego@uniandes.edu.co	transporte	Unauthorized
2025-03-16T16:24:13.960411	nicolas@uniandes.edu.co	compras	Unauthorized
2025-03-16T16:24:13.980322	jose@uniandes.edu.co	ventas	Authorized
2025-03-16T16:24:13.998709	jose@uniandes.edu.co	ventas	Authorized
2025-03-16T16:24:14.016964	nicolas@uniandes.edu.co	compras	Unauthorized
2025-03-16T16:24:14.037481	nicolas@uniandes.edu.co	compras	Unauthorized
2025-03-16T16:24:14.056058	john@uniandes.edu.co	ventas	Authorized
2025-03-16T16:24:14.074722	nicolas@uniandes.edu.co	compras	Unauthorized
2025-03-16T16:24:14.094038	nicolas@uniandes.edu.co	compras	Unauthorized
2025-03-16T16:24:14.114058	diego@uniandes.edu.co	transporte	Unauthorized
2025-03-16T16:24:14.135210	john@uniandes.edu.co	ventas	Authorized
2025-03-16T16:24:14.153957	nicolas@uniandes.edu.co	compras	Unauthorized
2025-03-16T16:24:14.173564	nicolas@uniandes.edu.co	compras	Unauthorized
2025-03-16T16:24:14.192179	diego@uniandes.edu.co	transporte	Unauthorized
2025-03-16T16:24:14.213992	john@uniandes.edu.co	ventas	Authorized
2025-03-16T16:24:14.235722	john@uniandes.edu.co	ventas	Authorized
2025-03-16T16:24:14.254415	jose@uniandes.edu.co	ventas	Authorized
2025-03-16T16:24:14.272786	diego@uniandes.edu.co	transporte	Unauthorized
2025-03-16T16:24:14.291374	diego@uniandes.edu.co	transporte	Unauthorized
2025-03-16T16:24:14.310619	jose@uniandes.edu.co	ventas	Authorized
2025-03-16T16:24:14.329542	diego@uniandes.edu.co	transporte	Unauthorized
2025-03-16T16:24:14.343792	jose@uniandes.edu.co	ventas	Authorized
2025-03-16T16:24:14.368716	diego@uniandes.edu.co	transporte	Unauthorized
2025-03-16T16:24:14.390425	jose@uniandes.edu.co	ventas	Authorized
2025-03-16T16:24:14.409204	jose@uniandes.edu.co	ventas	Authorized
2025-03-16T16:24:14.428517	nicolas@uniandes.edu.co	compras	Unauthorized
2025-03-16T16:24:14.448251	john@uniandes.edu.co	ventas	Authorized
2025-03-16T16:24:14.467641	jose@uniandes.edu.co	ventas	Authorized
2025-03-16T16:24:14.486994	nicolas@uniandes.edu.co	compras	Unauthorized
2025-03-16T16:24:14.507988	diego@uniandes.edu.co	transporte	Unauthorized
2025-03-16T16:24:14.527154	nicolas@uniandes.edu.co	compras	Unauthorized
2025-03-16T16:24:14.547485	jose@uniandes.edu.co	ventas	Authorized
2025-03-16T16:24:14.567570	nicolas@uniandes.edu.co	compras	Unauthorized
2025-03-16T16:24:14.586606	john@uniandes.edu.co	ventas	Authorized
2025-03-16T16:24:14.605847	john@uniandes.edu.co	ventas	Authorized
2025-03-16T16:24:14.625469	nicolas@uniandes.edu.co	compras	Unauthorized
2025-03-16T16:24:14.645422	john@uniandes.edu.co	ventas	Authorized
2025-03-16T16:24:14.664537	nicolas@uniandes.edu.co	compras	Unauthorized
2025-03-16T16:24:14.682887	nicolas@uniandes.edu.co	compras	Unauthorized
2025-03-16T16:24:14.702249	nicolas@uniandes.edu.co	compras	Unauthorized
2025-03-16T16:24:14.721223	john@uniandes.edu.co	ventas	Authorized
2025-03-16T16:24:14.739821	jose@uniandes.edu.co	ventas	Authorized
2025-03-16T16:24:14.759182	jose@uniandes.edu.co	ventas	Authorized
2025-03-16T16:24:14.778578	john@uniandes.edu.co	ventas	Authorized
2025-03-16T16:24:14.797933	john@uniandes.edu.co	ventas	Authorized
2025-03-16T16:24:14.817373	diego@uniandes.edu.co	transporte	Unauthorized
2025-03-16T16:24:14.837070	nicolas@uniandes.edu.co	compras	Unauthorized
2025-03-16T16:24:14.857243	nicolas@uniandes.edu.co	compras	Unauthorized
2025-03-16T16:24:14.875591	john@uniandes.edu.co	ventas	Authorized
2025-03-16T16:24:14.896393	jose@uniandes.edu.co	ventas	Authorized
2025-03-16T16:24:14.917059	diego@uniandes.edu.co	transporte	Unauthorized
2025-03-16T16:24:14.936771	john@uniandes.edu.co	ventas	Authorized
2025-03-16T16:24:14.955732	nicolas@uniandes.edu.co	compras	Unauthorized
2025-03-16T16:24:14.976880	diego@uniandes.edu.co	transporte	Unauthorized
2025-03-16T16:24:14.997650	jose@uniandes.edu.co	ventas	Authorized
2025-03-16T16:24:15.017058	nicolas@uniandes.edu.co	compras	Unauthorized
2025-03-16T16:24:15.037311	nicolas@uniandes.edu.co	compras	Unauthorized
2025-03-16T16:24:15.057918	diego@uniandes.edu.co	transporte	Unauthorized
2025-03-16T16:24:15.077183	john@uniandes.edu.co	ventas	Authorized
2025-03-16T16:24:15.097173	john@uniandes.edu.co	ventas	Authorized
2025-03-16T16:24:15.116610	nicolas@uniandes.edu.co	compras	Unauthorized
2025-03-16T16:24:15.134904	diego@uniandes.edu.co	transporte	Unauthorized
2025-03-16T16:24:15.153101	jose@uniandes.edu.co	ventas	Authorized
2025-03-16T16:24:15.172145	diego@uniandes.edu.co	transporte	Unauthorized
2025-03-16T16:24:15.191257	diego@uniandes.edu.co	transporte	Unauthorized
2025-03-16T16:24:15.209891	john@uniandes.edu.co	ventas	Authorized
2025-03-16T16:24:15.229485	john@uniandes.edu.co	ventas	Authorized
2025-03-16T16:24:15.250180	diego@uniandes.edu.co	transporte	Unauthorized
2025-03-16T16:24:15.268857	jose@uniandes.edu.co	ventas	Authorized
2025-03-16T16:24:15.287506	nicolas@uniandes.edu.co	compras	Unauthorized
2025-03-16T16:24:15.307497	nicolas@uniandes.edu.co	compras	Unauthorized
2025-03-16T16:24:15.326813	diego@uniandes.edu.co	transporte	Unauthorized
2025-03-16T16:24:15.346474	john@uniandes.edu.co	ventas	Authorized
2025-03-16T16:24:15.367363	john@uniandes.edu.co	ventas	Authorized
2025-03-16T16:24:15.388137	diego@uniandes.edu.co	transporte	Unauthorized
2025-03-16T16:24:15.407040	jose@uniandes.edu.co	ventas	Authorized
2025-03-16T16:24:15.425839	john@uniandes.edu.co	ventas	Authorized
2025-03-16T16:24:15.446898	jose@uniandes.edu.co	ventas	Authorized
2025-03-16T16:24:15.467079	john@uniandes.edu.co	ventas	Authorized
2025-03-16T16:24:15.485762	jose@uniandes.edu.co	ventas	Authorized
2025-03-16T16:24:15.505325	john@uniandes.edu.co	ventas	Authorized
2025-03-16T16:24:15.525313	nicolas@uniandes.edu.co	compras	Unauthorized
2025-03-16T16:24:15.544252	jose@uniandes.edu.co	ventas	Authorized
2025-03-16T16:24:15.563192	jose@uniandes.edu.co	ventas	Authorized
2025-03-16T16:24:15.584279	nicolas@uniandes.edu.co	compras	Unauthorized
2025-03-16T16:24:15.604260	diego@uniandes.edu.co	transporte	Unauthorized
2025-03-16T16:24:15.623451	jose@uniandes.edu.co	ventas	Authorized
2025-03-16T16:24:15.643794	diego@uniandes.edu.co	transporte	Unauthorized
2025-03-16T16:24:15.663824	jose@uniandes.edu.co	ventas	Authorized
2025-03-16T16:24:15.683323	jose@uniandes.edu.co	ventas	Authorized
2025-03-16T16:24:15.702272	jose@uniandes.edu.co	ventas	Authorized
2025-03-16T16:24:15.722160	john@uniandes.edu.co	ventas	Authorized
2025-03-16T16:24:15.740869	john@uniandes.edu.co	ventas	Authorized
2025-03-16T16:24:15.760178	john@uniandes.edu.co	ventas	Authorized
2025-03-16T16:24:15.779881	diego@uniandes.edu.co	transporte	Unauthorized
2025-03-16T16:24:15.799627	diego@uniandes.edu.co	transporte	Unauthorized
2025-03-16T16:24:15.819205	jose@uniandes.edu.co	ventas	Authorized
2025-03-16T16:24:15.839894	diego@uniandes.edu.co	transporte	Unauthorized
2025-03-16T16:24:15.859899	jose@uniandes.edu.co	ventas	Authorized
2025-03-16T16:24:15.881360	john@uniandes.edu.co	ventas	Authorized
2025-03-16T16:24:15.901940	diego@uniandes.edu.co	transporte	Unauthorized
2025-03-16T16:24:15.922111	john@uniandes.edu.co	ventas	Authorized
2025-03-16T16:24:15.941998	diego@uniandes.edu.co	transporte	Unauthorized
2025-03-16T16:24:15.961649	diego@uniandes.edu.co	transporte	Unauthorized
2025-03-16T16:24:15.982339	diego@uniandes.edu.co	transporte	Unauthorized
2025-03-16T16:24:16.001899	nicolas@uniandes.edu.co	compras	Unauthorized
2025-03-16T16:24:16.022208	nicolas@uniandes.edu.co	compras	Unauthorized
2025-03-16T16:24:16.041792	diego@uniandes.edu.co	transporte	Unauthorized
2025-03-16T16:24:16.061121	john@uniandes.edu.co	ventas	Authorized
2025-03-16T16:24:16.082184	diego@uniandes.edu.co	transporte	Unauthorized
2025-03-16T16:24:16.104557	nicolas@uniandes.edu.co	compras	Unauthorized
2025-03-16T16:24:16.126136	nicolas@uniandes.edu.co	compras	Unauthorized
2025-03-16T16:24:16.146541	diego@uniandes.edu.co	transporte	Unauthorized
2025-03-16T16:24:16.167467	jose@uniandes.edu.co	ventas	Authorized
2025-03-16T16:24:16.189761	nicolas@uniandes.edu.co	compras	Unauthorized
2025-03-16T16:24:16.210387	jose@uniandes.edu.co	ventas	Authorized
2025-03-16T16:24:16.231175	jose@uniandes.edu.co	ventas	Authorized
2025-03-16T16:24:16.254683	jose@uniandes.edu.co	ventas	Authorized
2025-03-16T16:24:16.278321	nicolas@uniandes.edu.co	compras	Unauthorized
2025-03-16T16:24:16.298404	nicolas@uniandes.edu.co	compras	Unauthorized
2025-03-16T16:24:16.319056	john@uniandes.edu.co	ventas	Authorized
2025-03-16T16:24:16.339350	diego@uniandes.edu.co	transporte	Unauthorized
2025-03-16T16:24:16.358156	jose@uniandes.edu.co	ventas	Authorized
2025-03-16T16:24:16.378763	diego@uniandes.edu.co	transporte	Unauthorized
2025-03-16T16:24:16.398845	john@uniandes.edu.co	ventas	Authorized
2025-03-16T16:24:16.418203	nicolas@uniandes.edu.co	compras	Unauthorized
2025-03-16T16:24:16.439370	nicolas@uniandes.edu.co	compras	Unauthorized
2025-03-16T16:24:16.458900	diego@uniandes.edu.co	transporte	Unauthorized
2025-03-16T16:24:16.477943	jose@uniandes.edu.co	ventas	Authorized
2025-03-16T16:24:16.496659	nicolas@uniandes.edu.co	compras	Unauthorized
2025-03-16T16:24:16.518402	john@uniandes.edu.co	ventas	Authorized
2025-03-16T16:24:16.538009	jose@uniandes.edu.co	ventas	Authorized
2025-03-16T16:24:16.557439	diego@uniandes.edu.co	transporte	Unauthorized
2025-03-16T16:24:16.576130	nicolas@uniandes.edu.co	compras	Unauthorized
2025-03-16T16:24:16.595652	diego@uniandes.edu.co	transporte	Unauthorized
2025-03-16T16:24:16.614149	john@uniandes.edu.co	ventas	Authorized
2025-03-16T16:24:16.633072	nicolas@uniandes.edu.co	compras	Unauthorized
2025-03-16T16:24:16.652954	john@uniandes.edu.co	ventas	Authorized
2025-03-16T16:24:16.672856	jose@uniandes.edu.co	ventas	Authorized
2025-03-16T16:24:16.691805	jose@uniandes.edu.co	ventas	Authorized
2025-03-16T16:24:16.711661	diego@uniandes.edu.co	transporte	Unauthorized
2025-03-16T16:24:16.730369	john@uniandes.edu.co	ventas	Authorized
2025-03-16T16:24:16.748790	jose@uniandes.edu.co	ventas	Authorized
2025-03-16T16:24:16.767236	jose@uniandes.edu.co	ventas	Authorized
2025-03-16T16:24:16.785728	diego@uniandes.edu.co	transporte	Unauthorized
2025-03-16T16:24:16.804487	john@uniandes.edu.co	ventas	Authorized
2025-03-16T16:24:16.823386	jose@uniandes.edu.co	ventas	Authorized
2025-03-16T16:24:16.843167	diego@uniandes.edu.co	transporte	Unauthorized
2025-03-16T16:24:16.863361	jose@uniandes.edu.co	ventas	Authorized
2025-03-16T16:24:16.882686	diego@uniandes.edu.co	transporte	Unauthorized
2025-03-16T16:24:16.903334	nicolas@uniandes.edu.co	compras	Unauthorized
2025-03-16T16:24:16.924339	jose@uniandes.edu.co	ventas	Authorized
2025-03-16T16:24:16.944253	nicolas@uniandes.edu.co	compras	Unauthorized
2025-03-16T16:24:16.962917	jose@uniandes.edu.co	ventas	Authorized
2025-03-16T16:24:16.983603	diego@uniandes.edu.co	transporte	Unauthorized
2025-03-16T16:24:17.003969	diego@uniandes.edu.co	transporte	Unauthorized
2025-03-16T16:24:17.022786	nicolas@uniandes.edu.co	compras	Unauthorized
2025-03-16T16:24:17.042386	jose@uniandes.edu.co	ventas	Authorized
2025-03-16T16:24:17.062179	jose@uniandes.edu.co	ventas	Authorized
2025-03-16T16:24:17.080068	jose@uniandes.edu.co	ventas	Authorized
2025-03-16T16:24:17.099069	jose@uniandes.edu.co	ventas	Authorized
2025-03-16T16:24:17.120152	jose@uniandes.edu.co	ventas	Authorized
2025-03-16T16:24:17.140132	jose@uniandes.edu.co	ventas	Authorized
2025-03-16T16:24:17.159991	diego@uniandes.edu.co	transporte	Unauthorized
2025-03-16T16:24:17.179940	diego@uniandes.edu.co	transporte	Unauthorized
2025-03-16T16:24:17.200295	jose@uniandes.edu.co	ventas	Authorized
2025-03-16T16:24:17.220777	john@uniandes.edu.co	ventas	Authorized
2025-03-16T16:24:17.240701	nicolas@uniandes.edu.co	compras	Unauthorized
2025-03-16T16:24:17.260870	nicolas@uniandes.edu.co	compras	Unauthorized
2025-03-16T16:24:17.280350	jose@uniandes.edu.co	ventas	Authorized
2025-03-16T16:24:17.298973	nicolas@uniandes.edu.co	compras	Unauthorized
2025-03-16T16:24:17.319724	john@uniandes.edu.co	ventas	Authorized
2025-03-16T16:24:17.339507	diego@uniandes.edu.co	transporte	Unauthorized
2025-03-16T16:24:17.358678	diego@uniandes.edu.co	transporte	Unauthorized
2025-03-16T16:24:17.377866	jose@uniandes.edu.co	ventas	Authorized
2025-03-16T16:24:17.398261	john@uniandes.edu.co	ventas	Authorized
2025-03-16T16:24:17.417888	john@uniandes.edu.co	ventas	Authorized
2025-03-16T16:24:17.437754	nicolas@uniandes.edu.co	compras	Unauthorized
2025-03-16T16:24:17.458504	nicolas@uniandes.edu.co	compras	Unauthorized
2025-03-16T16:24:17.477154	diego@uniandes.edu.co	transporte	Unauthorized
2025-03-16T16:24:17.495891	john@uniandes.edu.co	ventas	Authorized
2025-03-16T16:24:17.515048	diego@uniandes.edu.co	transporte	Unauthorized
2025-03-16T16:24:17.534608	nicolas@uniandes.edu.co	compras	Unauthorized
2025-03-16T16:24:17.552869	diego@uniandes.edu.co	transporte	Unauthorized
2025-03-16T16:24:17.570803	jose@uniandes.edu.co	ventas	Authorized
2025-03-16T16:24:17.591162	diego@uniandes.edu.co	transporte	Unauthorized
2025-03-16T16:24:17.610390	nicolas@uniandes.edu.co	compras	Unauthorized
2025-03-16T16:24:17.631458	jose@uniandes.edu.co	ventas	Authorized
2025-03-16T16:24:17.651208	nicolas@uniandes.edu.co	compras	Unauthorized
2025-03-16T16:24:17.670522	john@uniandes.edu.co	ventas	Authorized
2025-03-16T16:24:17.689667	jose@uniandes.edu.co	ventas	Authorized
2025-03-16T16:24:17.708632	jose@uniandes.edu.co	ventas	Authorized
2025-03-16T16:24:17.727570	nicolas@uniandes.edu.co	compras	Unauthorized
2025-03-16T16:24:17.746308	diego@uniandes.edu.co	transporte	Unauthorized
2025-03-16T16:24:17.765657	diego@uniandes.edu.co	transporte	Unauthorized
2025-03-16T16:24:17.785830	jose@uniandes.edu.co	ventas	Authorized
2025-03-16T16:24:17.805740	jose@uniandes.edu.co	ventas	Authorized
2025-03-16T16:24:17.825040	jose@uniandes.edu.co	ventas	Authorized
2025-03-16T16:24:17.843844	john@uniandes.edu.co	ventas	Authorized
2025-03-16T16:24:17.863954	nicolas@uniandes.edu.co	compras	Unauthorized
2025-03-16T16:24:17.882550	jose@uniandes.edu.co	ventas	Authorized
2025-03-16T16:24:17.901248	jose@uniandes.edu.co	ventas	Authorized
2025-03-16T16:24:17.916319	jose@uniandes.edu.co	ventas	Authorized
2025-03-16T16:24:17.936353	diego@uniandes.edu.co	transporte	Unauthorized
2025-03-16T16:24:17.955114	jose@uniandes.edu.co	ventas	Authorized
2025-03-16T16:24:17.973766	nicolas@uniandes.edu.co	compras	Unauthorized
2025-03-16T16:24:17.993885	jose@uniandes.edu.co	ventas	Authorized
2025-03-16T16:24:18.013178	john@uniandes.edu.co	ventas	Authorized
2025-03-16T16:24:18.032996	john@uniandes.edu.co	ventas	Authorized
2025-03-16T16:24:18.052221	jose@uniandes.edu.co	ventas	Authorized
2025-03-16T16:24:18.071943	diego@uniandes.edu.co	transporte	Unauthorized
2025-03-16T16:24:18.090223	john@uniandes.edu.co	ventas	Authorized
2025-03-16T16:24:18.109673	diego@uniandes.edu.co	transporte	Unauthorized
2025-03-16T16:24:18.130266	diego@uniandes.edu.co	transporte	Unauthorized
2025-03-16T16:24:18.149970	jose@uniandes.edu.co	ventas	Authorized
2025-03-16T16:24:18.169521	john@uniandes.edu.co	ventas	Authorized
2025-03-16T16:24:18.188932	diego@uniandes.edu.co	transporte	Unauthorized
2025-03-16T16:24:18.209424	jose@uniandes.edu.co	ventas	Authorized
2025-03-16T16:24:18.229182	diego@uniandes.edu.co	transporte	Unauthorized
2025-03-16T16:24:18.248464	john@uniandes.edu.co	ventas	Authorized
2025-03-16T16:24:18.269384	john@uniandes.edu.co	ventas	Authorized
2025-03-16T16:24:18.290836	john@uniandes.edu.co	ventas	Authorized
2025-03-16T16:24:18.311415	john@uniandes.edu.co	ventas	Authorized
2025-03-16T16:24:18.331719	john@uniandes.edu.co	ventas	Authorized
2025-03-16T16:24:18.350983	jose@uniandes.edu.co	ventas	Authorized
2025-03-16T16:24:18.369755	john@uniandes.edu.co	ventas	Authorized
